id,name,brand,category,price,mrp,description,prescription_required,stock,images
bulk-1,Dolo 650 Tablet,Micro Labs,Pain Relief,30,35,Paracetamol 650mg,false,0,
bulk-2,Lomofen Tablet,Cipla,Pain Relief,42,48,Loperamide + Simethicone,false,0,
bulk-3,Alerid Tablet,Cipla,Allergy,20.48,25,Cetirizine 10mg,false,0,
bulk-4,Azee 500 Tablet,Cipla,Anti Infective,105,120,Azithromycin 500mg,true,0,
bulk-5,Augmentin 625 Duo Tablet,GSK,Anti Infective,223.42,240,Amoxycillin 500mg + Clavulanic Acid 125mg,true,0,
bulk-6,Calpol 500mg Tablet,Haleon,Pain Relief,18,20,Paracetamol 500mg,false,0,
bulk-7,Crocin 650 Advance Tablet,Haleon,Pain Relief,32,36,Paracetamol 650mg,false,0,
bulk-8,Ibugesic Plus Tablet,Cipla,Pain Relief,35,42,Ibuprofen 400mg + Paracetamol 325mg,false,0,
bulk-9,Shelcal 500 Tablet,Torrent,Bone & Joint,118,135,Calcium + Vitamin D3,false,0,
bulk-10,Unienzyme Tablet,Torrent,Digestive Care,65,75,Fungal diastase + Papain + Activated charcoal,false,0,
bulk-11,Zincovit Tablet,Apex Laboratories,Vitamins,105,125,Multivitamin + Multimineral,false,0,
bulk-12,Limcee 500mg Tablet,Abbott,Vitamins,22,25,Vitamin C 500mg,false,0,
bulk-13,Thyronorm 50mcg Tablet,Abbott,Thyroid,120,138,Thyroxine 50mcg,true,0,
bulk-14,Digene Gel 200ml,Abbott,Digestive Care,125,145,Antacid suspension,false,0,
bulk-15,Allegra 120mg Tablet,Sanofi,Allergy,218.81,245,Fexofenadine 120mg,false,0,
bulk-16,Avil 25 Tablet,Sanofi,Allergy,10.96,15,Pheniramine 25mg,false,0,
bulk-17,Revital H Capsule,Sun Pharma,Vitamins,165,190,Multivitamin + Multimineral,false,0,
bulk-18,Pantocid 40 Tablet,Sun Pharma,Gastric Care,105,120,Pantoprazole 40mg,true,0,
bulk-19,Pantop 40 Tablet,Aristo,Gastric Care,72,85,Pantoprazole 40mg,true,0,
bulk-20,Pantop D Capsule,Aristo,Gastric Care,110,125,Pantoprazole + Domperidone,true,0,
bulk-21,Azithral 500 Tablet,Alembic,Anti Infective,132.36,150,Azithromycin 500mg,true,0,
bulk-22,Zentel 400mg Tablet,GSK,Anti Infective,18,22,Albendazole 400mg,false,0,
bulk-23,Ascoril LS Syrup 100ml,Glenmark,Cough & Cold,118,135,Ambroxol + Levosalbutamol + Guaiphenesin,false,0,
bulk-24,Candid-B Cream 15g,Glenmark,Skin Care,125,145,Clotrimazole + Beclometasone,true,0,
bulk-25,Meftal-Spas Tablet,Blue Cross,Pain Relief,50,58,Mefenamic Acid + Dicyclomine,false,0,
bulk-26,Meftal-P Suspension 60ml,Blue Cross,Paediatric,65,75,Mefenamic Acid,false,0,
bulk-27,Liv.52 Tablet,Himalaya,Liver Care,110,125,Herbal liver support,false,0,
bulk-28,Cystone Tablet,Himalaya,Kidney Care,115,130,Herbal formulation,false,0,
bulk-29,Honitus Sugar Free 100ml,Dabur,Cough & Cold,145,165,Herbal cough formulation,false,0,
bulk-30,Pudin Hara Pearls,Dabur,Digestive Care,30,35,Mentha oil,false,0,
bulk-31,Cetaphil Gentle Skin Cleanser,Galderma,Skin Care,399,450,Gentle cleanser,false,0,
bulk-32,Cetaphil Moisturising Cream,Galderma,Skin Care,349,399,Moisturising cream,false,0,
bulk-33,Becosules Capsule,Pfizer,Vitamins,45,52,B-complex vitamins,false,0,
bulk-34,Depura 60K Capsule,Zydus,Vitamins,75,90,Cholecalciferol 60000 IU,false,0,
bulk-35,Atorva 10 Tablet,Zydus,Heart Care,55,65,Atorvastatin 10mg,true,0,
bulk-36,Glycomet GP 1 Tablet,USV,Diabetes,90,105,Glimepiride + Metformin,true,0,
bulk-37,Glycomet 500 SR Tablet,USV,Diabetes,42,50,Metformin 500mg,true,0,
bulk-38,Rosuvas 10 Tablet,Sun Pharma,Heart Care,105,120,Rosuvastatin 10mg,true,0,
bulk-39,Telma 40 Tablet,Glenmark,Heart Care,105,120,Telmisartan 40mg,true,0,
bulk-40,Telma-AM Tablet,Glenmark,Heart Care,150,175,Telmisartan + Amlodipine,true,0,
bulk-41,Moxicip Eye Drop 5ml,Cipla,Eye Care,110,125,Moxifloxacin,true,0,
bulk-42,Soframycin Skin Cream 30g,Sanofi,Skin Care,85,98,Framycetin,false,0,
bulk-43,Betnovate-N Cream 20g,GSK,Skin Care,55,65,Betamethasone + Neomycin,true,0,
bulk-44,Moov Pain Relief Cream 50g,Reckitt,Pain Relief,125,145,Topical pain relief,false,0,
bulk-45,Volini Gel 30g,Sun Pharma,Pain Relief,105,125,Diclofenac topical,false,0,
bulk-46,Strepsils Orange 8 Lozenges,Reckitt,Cough & Cold,35,40,Amylmetacresol + Dichlorobenzyl alcohol,false,0,
bulk-47,Dettol Liquid 250ml,Reckitt,Personal Care,75,85,Antiseptic liquid,false,0,
bulk-48,Nasivion Adult Nasal Drops 10ml,Merck,Cold & Allergy,92,105,Oxymetazoline,false,0,
bulk-49,Evion 400 Capsule,Merck,Vitamins,35,42,Vitamin E 400mg,false,0,
bulk-50,Otrivin Paediatric Nasal Drops 10ml,Haleon,Cold & Allergy,78,90,Xylometazoline,false,0,
bulk-51,ENO Lemon Sachet,Haleon,Digestive Care,10,12,Sodium bicarbonate + Citric acid,false,0,
bulk-52,Mankind Coldact Capsule,Mankind,Cough & Cold,45,52,Cold relief combination,false,0,
bulk-53,Manforce 50 Tablet,Mankind,Men's Health,85,100,Sildenafil 50mg,true,0,
bulk-54,NimuD 100 Tablet,Mankind,Pain Relief,30,36,Nimesulide 100mg,true,0,
bulk-55,Levocet M Tablet,Cipla,Allergy,95,110,Levocetirizine + Montelukast,true,0,
bulk-56,Montair-LC Tablet,Cipla,Allergy,155,180,Montelukast + Levocetirizine,true,0,
bulk-57,Ecosprin 75 Tablet,USV,Heart Care,8,10,Aspirin 75mg,true,0,
bulk-58,Clopivas 75 Tablet,Cipla,Heart Care,35,42,Clopidogrel 75mg,true,0,
bulk-59,Lantus 100IU/ml Injection,Sanofi,Diabetes,650,720,Insulin glargine,true,0,
bulk-60,Human Mixtard 30 100IU/ml,Novo Nordisk,Diabetes,165,190,Insulin human,true,0,
bulk-61,Pedigree Adult Chicken & Vegetables 1kg,Pedigree,Pet Care,210,240,Adult dog nutrition,false,0,
bulk-62,Whiskas Adult Tuna 1.2kg,Mars Petcare,Pet Care,420,475,Adult cat nutrition,false,0,
bulk-63,Drools Adult Dog Food 3kg,Drools,Pet Care,520,590,Adult dog nutrition,false,0,
bulk-64,Farmina N&D Pumpkin Adult Dog 1kg,Farmina,Pet Care,720,799,Adult dog nutrition,false,0,
bulk-65,Himalaya Erina-EP Powder 100g,Himalaya,Pet Care,135,155,Pet grooming powder,false,0,
bulk-66,Beaphar Ear Cleaner 50ml,Beaphar,Pet Care,350,399,Pet ear care,false,0,
bulk-67,Petvit Calcium Syrup 200ml,Virbac,Pet Care,180,210,Pet calcium supplement,false,0,
bulk-68,Virbac Megaderm 250ml,Virbac,Pet Care,950,1050,Pet nutritional supplement,false,0